Name,mz_delta,prob,formula
1H,1.00782503223,0.999885,H
2H,2.01410177812,0.000115,H
12C,12.0,0.9893,C
13C,13.00335483507,0.0107,C
14C,14.0032419884,0.0,C
14N,14.00307400443,0.99636,N
15N,15.00010889888,0.00364,N
16O,15.99491461957,0.99757,O
32S,31.9720711744,0.9499,S
33S,32.97145890978,0.0075,S
34S,33.967867004,0.0425,S
36S,35.96708071,0.0001,S
35Cl,34.968852682,0.7576,Cl
37Cl,36.965902602,0.2424,Cl
H2O,18.010564,.997340,H2O
NH4,18.033823,.9958,NH4
ACN,41.02654,.9748155,C2H3N